Workbook

Sheet 原始数据
A1: 📊 数据统计 — 原始测试数据
A2: 日期 | B2: 年度 | C2: 季度 | D2: 月份 | E2: 周次 | F2: 星期 | G2: 生成文章数 | H2: 追踪链接数 | I2: 已收录数 | J2: AI引用次数 | K2: 累计文章数 | L2: 文章环比增长 | M2: 收录率 | N2: 距今天数
A3: 2026-02-15 | B3: 2026 | C3: Q1 | D3: 2 | E3: 周日 | F3: 7 | G3: 2 | H3: 2 | I3: 1 | J3: 2 | K3: =G3 | L3: — | M3: =IFERROR(I3/G3,"N/A") | N3: 88
A4: 2026-02-16 | B4: 2026 | C4: Q1 | D4: 2 | E4: 周一 | F4: 8 | G4: 8 | H4: 7 | I4: 7 | J4: 1 | K4: =K3+G4 | L4: — | M4: =IFERROR(I4/G4,"N/A") | N4: 87
A5: 2026-02-17 | B5: 2026 | C5: Q1 | D5: 2 | E5: 周二 | F5: 8 | G5: 11 | H5: 11 | I5: 10 | J5: 1 | K5: =K4+G5 | L5: — | M5: =IFERROR(I5/G5,"N/A") | N5: 86
A6: 2026-02-18 | B6: 2026 | C6: Q1 | D6: 2 | E6: 周三 | F6: 8 | G6: 8 | H6: 7 | I6: 7 | J6: 2 | K6: =K5+G6 | L6: — | M6: =IFERROR(I6/G6,"N/A") | N6: 85
A7: 2026-02-19 | B7: 2026 | C7: Q1 | D7: 2 | E7: 周四 | F7: 8 | G7: 11 | H7: 10 | I7: 7 | J7: 3 | K7: =K6+G7 | L7: — | M7: =IFERROR(I7/G7,"N/A") | N7: 84
A8: 2026-02-20 | B8: 2026 | C8: Q1 | D8: 2 | E8: 周五 | F8: 8 | G8: 5 | H8: 4 | I8: 1 | J8: 3 | K8: =K7+G8 | L8: — | M8: =IFERROR(I8/G8,"N/A") | N8: 83
A9: 2026-02-21 | B9: 2026 | C9: Q1 | D9: 2 | E9: 周六 | F9: 8 | G9: 4 | H9: 3 | I9: 2 | J9: 3 | K9: =K8+G9 | L9: — | M9: =IFERROR(I9/G9,"N/A") | N9: 82
A10: 2026-02-22 | B10: 2026 | C10: Q1 | D10: 2 | E10: 周日 | F10: 8 | G10: 2 | H10: 2 | I10: 1 | J10: 1 | K10: =K9+G10 | L10: =IFERROR((G10-G3)/G3,"N/A") | M10: =IFERROR(I10/G10,"N/A") | N10: 81
A11: 2026-02-23 | B11: 2026 | C11: Q1 | D11: 2 | E11: 周一 | F11: 9 | G11: 10 | H11: 8 | I11: 7 | J11: 1 | K11: =K10+G11 | L11: =IFERROR((G11-G4)/G4,"N/A") | M11: =IFERROR(I11/G11,"N/A") | N11: 80
A12: 2026-02-24 | B12: 2026 | C12: Q1 | D12: 2 | E12: 周二 | F12: 9 | G12: 12 | H12: 12 | I12: 8 | J12: 1 | K12: =K11+G12 | L12: =IFERROR((G12-G5)/G5,"N/A") | M12: =IFERROR(I12/G12,"N/A") | N12: 79
A13: 2026-02-25 | B13: 2026 | C13: Q1 | D13: 2 | E13: 周三 | F13: 9 | G13: 9 | H13: 7 | I13: 7 | J13: 1 | K13: =K12+G13 | L13: =IFERROR((G13-G6)/G6,"N/A") | M13: =IFERROR(I13/G13,"N/A") | N13: 78
A14: 2026-02-26 | B14: 2026 | C14: Q1 | D14: 2 | E14: 周四 | F14: 9 | G14: 5 | H14: 4 | I14: 2 | J14: 1 | K14: =K13+G14 | L14: =IFERROR((G14-G7)/G7,"N/A") | M14: =IFERROR(I14/G14,"N/A") | N14: 77
A15: 2026-02-27 | B15: 2026 | C15: Q1 | D15: 2 | E15: 周五 | F15: 9 | G15: 8 | H15: 8 | I15: 4 | J15: 3 | K15: =K14+G15 | L15: =IFERROR((G15-G8)/G8,"N/A") | M15: =IFERROR(I15/G15,"N/A") | N15: 76
A16: 2026-02-28 | B16: 2026 | C16: Q1 | D16: 2 | E16: 周六 | F16: 9 | G16: 5 | H16: 3 | I16: 3 | J16: 3 | K16: =K15+G16 | L16: =IFERROR((G16-G9)/G9,"N/A") | M16: =IFERROR(I16/G16,"N/A") | N16: 75
A17: 2026-03-01 | B17: 2026 | C17: Q1 | D17: 3 | E17: 周日 | F17: 9 | G17: 4 | H17: 3 | I17: 1 | J17: 1 | K17: =K16+G17 | L17: =IFERROR((G17-G10)/G10,"N/A") | M17: =IFERROR(I17/G17,"N/A") | N17: 74
A18: 2026-03-02 | B18: 2026 | C18: Q1 | D18: 3 | E18: 周一 | F18: 10 | G18: 7 | H18: 6 | I18: 5 | J18: 4 | K18: =K17+G18 | L18: =IFERROR((G18-G11)/G11,"N/A") | M18: =IFERROR(I18/G18,"N/A") | N18: 73
A19: 2026-03-03 | B19: 2026 | C19: Q1 | D19: 3 | E19: 周二 | F19: 10 | G19: 11 | H19: 9 | I19: 9 | J19: 3 | K19: =K18+G19 | L19: =IFERROR((G19-G12)/G12,"N/A") | M19: =IFERROR(I19/G19,"N/A") | N19: 72
A20: 2026-03-04 | B20: 2026 | C20: Q1 | D20: 3 | E20: 周三 | F20: 10 | G20: 5 | H20: 4 | I20: 4 | J20: 3 | K20: =K19+G20 | L20: =IFERROR((G20-G13)/G13,"N/A") | M20: =IFERROR(I20/G20,"N/A") | N20: 71
A21: 2026-03-05 | B21: 2026 | C21: Q1 | D21: 3 | E21: 周四 | F21: 10 | G21: 11 | H21: 9 | I21: 10 | J21: 2 | K21: =K20+G21 | L21: =IFERROR((G21-G14)/G14,"N/A") | M21: =IFERROR(I21/G21,"N/A") | N21: 70
... A91: 2026-05-14 | B91: 2026 | C91: Q2 | D91: 5 | E91: 周四 | F91: 20 | G91: 10 | H91: 10 | I91: 9 | J91: 3 | K91: =K90+G91 | L91: =IFERROR((G91-G84)/G84,"N/A") | M91: =IFERROR(I91/G91,"N/A") | N91: 0

Sheet 数据看板
A1: 📊 数据看板 — 自动汇总
A2: ▸ 按时间范围汇总 | G2: ▸ 按月汇总
A3: 指标 | B3: 近7天 | C3: 近30天 | D3: 近90天 | E3: 全部 | G3: 月份 | H3: 生成文章数 | I3: 已收录数 | J3: 收录率
A4: 生成文章数 | B4: =SUMIFS(原始数据!G3:G91,原始数据!N3:N91,"<7") | C4: =SUMIFS(原始数据!G3:G91,原始数据!N3:N91,"<30") | D4: =SUMIFS(原始数据!G3:G91,原始数据!N3:N91,"<90") | E4: =SUM(原始数据!G3:G91) | G4: 2026年2月 | H4: =SUMIFS(原始数据!G3:G91,原始数据!D3:D91,2) | I4: =SUMIFS(原始数据!I3:I91,原始数据!D3:D91,2) | J4: =IFERROR(H4/I4,"N/A")
A5: 追踪链接数 | B5: =SUMIFS(原始数据!H3:H91,原始数据!N3:N91,"<7") | C5: =SUMIFS(原始数据!H3:H91,原始数据!N3:N91,"<30") | D5: =SUMIFS(原始数据!H3:H91,原始数据!N3:N91,"<90") | E5: =SUM(原始数据!H3:H91) | G5: 2026年3月 | H5: =SUMIFS(原始数据!G3:G91,原始数据!D3:D91,3) | I5: =SUMIFS(原始数据!I3:I91,原始数据!D3:D91,3) | J5: =IFERROR(H5/I5,"N/A")
A6: 已收录数 | B6: =SUMIFS(原始数据!I3:I91,原始数据!N3:N91,"<7") | C6: =SUMIFS(原始数据!I3:I91,原始数据!N3:N91,"<30") | D6: =SUMIFS(原始数据!I3:I91,原始数据!N3:N91,"<90") | E6: =SUM(原始数据!I3:I91) | G6: 2026年4月 | H6: =SUMIFS(原始数据!G3:G91,原始数据!D3:D91,4) | I6: =SUMIFS(原始数据!I3:I91,原始数据!D3:D91,4) | J6: =IFERROR(H6/I6,"N/A")
A7: AI引用次数 | B7: =SUMIFS(原始数据!J3:J91,原始数据!N3:N91,"<7") | C7: =SUMIFS(原始数据!J3:J91,原始数据!N3:N91,"<30") | D7: =SUMIFS(原始数据!J3:J91,原始数据!N3:N91,"<90") | E7: =SUM(原始数据!J3:J91) | G7: 2026年5月 | H7: =SUMIFS(原始数据!G3:G91,原始数据!D3:D91,5) | I7: =SUMIFS(原始数据!I3:I91,原始数据!D3:D91,5) | J7: =IFERROR(H7/I7,"N/A")
A8: 合计 | B8: =SUM(B4:B7) | C8: =SUM(C4:C7) | D8: =SUM(D4:D7) | E8: =SUM(E4:E7) | G8: 合计 | H8: =SUM(H4:H7) | I8: =SUM(I4:I7) | J8: —
A10: ▸ 按季度汇总
A11: 季度 | B11: 生成文章数 | C11: 追踪链接数 | D11: 已收录数 | E11: AI引用次数 | F11: 收录率
A12: 2025年Q1 | B12: 280 | C12: 245 | D12: 196 | E12: 92 | F12: =IFERROR(D12/B12,"N/A")
A13: 2025年Q2 | B13: 315 | C13: 278 | D13: 228 | E13: 115 | F13: =IFERROR(D13/B13,"N/A")
A14: 2025年Q3 | B14: 345 | C14: 304 | D14: 258 | E14: 138 | F14: =IFERROR(D14/B14,"N/A")
A15: 2025年Q4 | B15: 300 | C15: 260 | D15: 215 | E15: 125 | F15: =IFERROR(D15/B15,"N/A")
A16: 2026年Q1 | B16: =SUMIFS(原始数据!G3:G91,原始数据!C3:C91,"Q1") | C16: =SUMIFS(原始数据!H3:H91,原始数据!C3:C91,"Q1") | D16: =SUMIFS(原始数据!I3:I91,原始数据!C3:C91,"Q1") | E16: =SUMIFS(原始数据!J3:J91,原始数据!C3:C91,"Q1") | F16: =IFERROR(D16/B16,"N/A")
A17: 总计 | B17: =SUM(B12:B16) | C17: =SUM(C12:C16) | D17: =SUM(D12:D16) | E17: =SUM(E12:E16) | F17: =IFERROR(D17/B17,"N/A")
